URL,Content,Title,Date,Comments,Tags,Description,Username,Vorschläge,Konto Status,Supporters
https://mitmachen.siegburg.de/proposals/1090-senioiren-cafe-lichtblick-kaldauen,"Senioiren Cafe Lichtblick Kaldauen18. September 20240 KommentareZugehöriges Projekt:
            Angebotslandkarte60-7475+Geselliges BeisammenseinDas Cafe Lichtblick in Kaldauen lädt alle Senioren zum geselligen Beisammensein bei Kaffee und Kuchen ein. Es wird gesungen, gespielt, getanzt, gelacht und viel erzählt. Auch gemeinsame Ausflüge und Feiern stehen auf dem Programm.Haben Sie Interesse, dann kommen Sie gerne vorbei. Die Senioren und das Team freut sich auf Sie!Treffen : Alle 14 Tage Dienstags von 15.00 - 17.00 Uhr (immer in geraden Wochen)Ort : Pfarrheim der katholischen Kirche KaldauenAntoniusweg 1 ; 53721 SiegburgAnmeldungen bei Rita Quadt ; Tel.: 015733725174:Kommentare(0)Um fortzufahren, müssen Sie sichanmeldenoderregistrieren.MCafé LichtblickBeigetreten am: 18.09.2024Konto verifiziertVorschläge1Unterstützer*innenUnterstützer*innenUnterstützung0 Unterstützer*innenUm fortzufahren, müssen Sie sichanmeldenoderregistrieren.TeilenTeilenwhatsapp",Senioiren Cafe Lichtblick Kaldauen,2024-09-18,0,"60-74, 75+","Das Cafe Lichtblick in Kaldauen lädt alle Senioren zum geselligen Beisammensein bei Kaffee und Kuchen ein. Es wird gesungen, gespielt, getanzt, gelacht und viel erzählt. Auch gemeinsame Ausflüge und Feiern stehen auf dem Programm.Haben Sie Interesse, dann kommen Sie gerne vorbei. Die Senioren und das Team freut sich auf Sie!Treffen : Alle 14 Tage Dienstags von 15.00 - 17.00 Uhr (immer in geraden Wochen)Ort : Pfarrheim der katholischen Kirche KaldauenAntoniusweg 1 ; 53721 SiegburgAnmeldungen bei Rita Quadt ; Tel.: 015733725174:",Senioiren Cafe,1,verifiziert,0
https://mitmachen.siegburg.de/proposals/1089-digitalsprechstunde-fur-senior-innen,"Digitalsprechstunde für Senior*innen16. September 20240 KommentareZugehöriges Projekt:
            Angebotslandkarte60-7475+Hilfe & BeratungAm ersten Donnerstag im Monat erhalten Seniorinnen und Senioren aus Siegburg die Möglichkeit, in der Servicestelle am Friedensplatz 2, ihre Fragen und Anliegen rund um Handy, Laptop und co. an Experten der Stabstelle Digitalisierung zu richten. Diese helfen gerne bei jeder Angelegenheit weiter!Zwischen 9 und 12 Uhr können Sie ohne Termin einfach hereinkommen. Sollten Sie Fragen zu einem transportablen Gerät haben, bringen Sie dieses bitte mit.ACHTUNG Am 03.10. findet auf Grund des Feiertages keine Digitalsprechstunde statt. Diese wir auf den 02.10. verlegt.Servicestelle der Stadt SiegburgFriedensplatz 253721 Siegburg02241 102 5500senioren@siegburg.deKommentare(0)Um fortzufahren, müssen Sie sichanmeldenoderregistrieren.AAGBeigetreten am: 15.03.2024Konto verifiziertVorschläge17Kommentare11Unterstützer*innenUnterstützer*innenUnterstützung0 Unterstützer*innenUm fortzufahren, müssen Sie sichanmeldenoderregistrieren.TeilenTeilenwhatsapp",Digitalsprechstunde für Senior*innen,2024-09-16,0,"60-74, 75+","Am ersten Donnerstag im Monat erhalten Seniorinnen und Senioren aus Siegburg die Möglichkeit, in der Servicestelle am Friedensplatz 2, ihre Fragen und Anliegen rund um Handy, Laptop und co. an Experten der Stabstelle Digitalisierung zu richten. Diese helfen gerne bei jeder Angelegenheit weiter!Zwischen 9 und 12 Uhr können Sie ohne Termin einfach hereinkommen. Sollten Sie Fragen zu einem transportablen Gerät haben, bringen Sie dieses bitte mit.ACHTUNG Am 03.10. findet auf Grund des Feiertages keine Digitalsprechstunde statt. Diese wir auf den 02.10. verlegt.Servicestelle der Stadt SiegburgFriedensplatz 253721 Siegburg02241 102 5500senioren@siegburg.de",Digitalsprechstunde für,17,verifiziert,0
https://mitmachen.siegburg.de/proposals/1087-gemeinschaftsgarten-cecilienstrasse,"Gemeinschaftsgarten Cecilienstraße12. September 20240 KommentareZugehöriges Projekt:
            Angebotslandkarte0-1213-1718-2425-4950-5960-7475+NaturDer Gemeinschaftsgarten ist eine Kooperation der Stadt Siegburg mit der städtischen Gesamtschule am Michaelsberg und dem Kulturcafé vom Evangelischen Jugendwerk.Montags und freitags von 14-16 Uhr ist - bei Gartenwetter - für alle Besucher geöffnet.Es besteht die Möglichkeit beim Gärtnern zu helfen, Schach zu spielen, das Zusammensein zu genießen, ein Buch zu lesen, Picknick zu machen...kurz gesagt, jeder genießt den Garten auf seine Weise.Kommentare(0)Um fortzufahren, müssen Sie sichanmeldenoderregistrieren.BEvangelische JugendwerkBeigetreten am: 12.09.2024Konto ist nicht verifiziertVorschläge1Unterstützer*innenUnterstützer*innenUnterstützung0 Unterstützer*innenUm fortzufahren, müssen Sie sichanmeldenoderregistrieren.TeilenTeilenwhatsapp",Gemeinschaftsgarten Cecilienstraße,2024-09-12,0,"0-12, 13-17, 18-24, 25-49, 50-59, 60-74, 75+, 14-16","Der Gemeinschaftsgarten ist eine Kooperation der Stadt Siegburg mit der städtischen Gesamtschule am Michaelsberg und dem Kulturcafé vom Evangelischen Jugendwerk.Montags und freitags von 14-16 Uhr ist - bei Gartenwetter - für alle Besucher geöffnet.Es besteht die Möglichkeit beim Gärtnern zu helfen, Schach zu spielen, das Zusammensein zu genießen, ein Buch zu lesen, Picknick zu machen...kurz gesagt, jeder genießt den Garten auf seine Weise.",Gemeinschaftsgarten Cecilienstraße12,1,ist nicht verifiziert,0
https://mitmachen.siegburg.de/proposals/1056-geselliges-beisammensein-in-braschoss,"Geselliges Beisammensein in Braschoß18. August 20240 KommentareZugehöriges Projekt:
            Angebotslandkarte18-2425-4950-5960-7475+Geselliges BeisammenseinDer ""Pfarrverein Braschoß"" lädt regelmäßig zum geselligen Beisammensein nach Braschoß ein:- Skatabende- Leseabende- Spielabend- ...Konkrete Veranstaltungen werden unterhttps://www.pfarrverein-braschoss.de/aktuelles.htmlveröffentlicht.Gerne informieren wir Sie per Mail über neue Veranstaltungen:https://www.pfarrverein-braschoss.de/newsletter.htmlAlle interessierte Bürger:innen  sind herzlich willkommen. In der Veranstaltungsübersicht ist vermerkt, wenn vorab eine Anmeldung erforderlich ist.Die Veranstaltungen finden in 53721 Siegburg-Braschoß, Braschosser Str. 50 statt.Kommentare(0)Um fortzufahren, müssen Sie sichanmeldenoderregistrieren.KEEBeigetreten am: 20.11.2022Konto verifiziertVorschläge3Unterstützer*innenUnterstützer*innenUnterstützung4 Unterstützer*innenUm fortzufahren, müssen Sie sichanmeldenoderregistrieren.DokumentePfarrverein Braschoß - Veranstaltungsuebersicht - 2024 - 2. Halbjahr.pdfTeilenTeilenwhatsapp",Geselliges Beisammensein in Braschoß,2024-08-18,0,"18-24, 25-49, 50-59, 60-74, 75+","in Braschoß18. August 20240 KommentareZugehöriges Projekt:
            Angebotslandkarte18-2425-4950-5960-7475+Geselliges BeisammenseinDer ""Pfarrverein Braschoß"" lädt regelmäßig zum geselligen Beisammensein nach Braschoß ein:- Skatabende- Leseabende- Spielabend- ...Konkrete Veranstaltungen werden unterhttps://www.pfarrverein-braschoss.de/aktuelles.htmlveröffentlicht.Gerne informieren wir Sie per Mail über neue Veranstaltungen:https://www.pfarrverein-braschoss.de/newsletter.htmlAlle interessierte Bürger:innen  sind herzlich willkommen. In der Veranstaltungsübersicht ist vermerkt, wenn vorab eine Anmeldung erforderlich ist.Die Veranstaltungen finden in 53721 Siegburg-Braschoß, Braschosser Str. 50 statt.",Geselliges Beisammensein,3,verifiziert,4
https://mitmachen.siegburg.de/proposals/1055-bildungsveranstaltungen-pfarrverein-braschoss,"Bildungsveranstaltungen Pfarrverein Braschoß18. August 20240 KommentareZugehöriges Projekt:
            Angebotslandkarte18-2425-4950-5960-7475+BildungDer ""Pfarrverein Braschoß"" führt unterschiedlichste Veranstaltungen zur Fortbildung durch:- Vorträge zu unterschiedlichen Themen wie z.B. ""Aromatherapie in der Pflege"", ""Tierwohl - und wie es gelingen kann"", ""Einfüherung in die Welt der deutschen Weine inkl. Probe"", ...- Koch-/Backkurse- Nähcafes- ...Konkrete Veranstaltungen werden unterhttps://www.pfarrverein-braschoss.de/aktuelles.htmlveröffentlicht.Gerne informieren wir Sie per Mail über neue Veranstaltungen:https://www.pfarrverein-braschoss.de/newsletter.htmlAlle interessierte Bürger:innen  sind herzlich willkommen. In der Veranstaltungsübersicht ist vermerkt, wenn vorab eine Anmeldung erforderlich ist.Die Veranstaltungen finden in 53721 Siegburg-Braschoß, Braschosser Str. 50 statt.Kommentare(0)Um fortzufahren, müssen Sie sichanmeldenoderregistrieren.KEEBeigetreten am: 20.11.2022Konto verifiziertVorschläge3Unterstützer*innenUnterstützer*innenUnterstützung4 Unterstützer*innenUm fortzufahren, müssen Sie sichanmeldenoderregistrieren.DokumentePfarrverein Braschoß - Veranstaltungsuebersicht - 2024 - 2. Halbjahr.pdfTeilenTeilenwhatsapp",Bildungsveranstaltungen Pfarrverein Braschoß,2024-08-18,0,"18-24, 25-49, 50-59, 60-74, 75+","sveranstaltungen Pfarrverein Braschoß18. August 20240 KommentareZugehöriges Projekt:
            Angebotslandkarte18-2425-4950-5960-7475+BildungDer ""Pfarrverein Braschoß"" führt unterschiedlichste Veranstaltungen zur Fortbildung durch:- Vorträge zu unterschiedlichen Themen wie z.B. ""Aromatherapie in der Pflege"", ""Tierwohl - und wie es gelingen kann"", ""Einfüherung in die Welt der deutschen Weine inkl. Probe"", ...- Koch-/Backkurse- Nähcafes- ...Konkrete Veranstaltungen werden unterhttps://www.pfarrverein-braschoss.de/aktuelles.htmlveröffentlicht.Gerne informieren wir Sie per Mail über neue Veranstaltungen:https://www.pfarrverein-braschoss.de/newsletter.htmlAlle interessierte Bürger:innen  sind herzlich willkommen. In der Veranstaltungsübersicht ist vermerkt, wenn vorab eine Anmeldung erforderlich ist.Die Veranstaltungen finden in 53721 Siegburg-Braschoß, Braschosser Str. 50 statt.",Bildungsveranstaltungen Pfarrverein,3,verifiziert,4
https://mitmachen.siegburg.de/proposals/1054-offentlicher-bucherschrank-fur-kinder-jugend-erwachsenenliteratur-braschoss,"Öffentlicher Bücherschrank für Kinder-/Jugend-/Erwachsenenliteratur - Braschoß15. August 20240 KommentareZugehöriges Projekt:
            Angebotslandkarte0-1213-1718-2425-4950-5960-7475+BildungStöbern und Tauschen erwünscht!Den Bücherschrank finden Sie vor der Spielplatz, Braschosser Str., BraschoßDamit alle auch lange Freude an dem Büchertauschschrank haben, gibt es ein paar einfache Regeln:der Bücherschrank steht jedem offenBringen Sie Bücher, die Sie selber ansprechen (inkl. Kinder- und Jugendbücher).Nicht geeignet sind Schulbücher, Zeitschriften, Werbematerial, Kassetten, CDs, DVDs.Verbotensind Bücher mit pornografischem, rassistischem oder gewaltverherrlichendem Inhalt.Der Bücherschrank ist weder Antiquariat noch Entsorgungsstelle.Ob Sie das Buch wieder zurückbringen, im Freundeskreis weitergegeben oder in einen anderen Bücherschrank stellen, bleibt Ihnen überlassen.Kommentare(0)Um fortzufahren, müssen Sie sichanmeldenoderregistrieren.KEEBeigetreten am: 20.11.2022Konto verifiziertVorschläge3Unterstützer*innenUnterstützer*innenUnterstützung2 Unterstützer*innenUm fortzufahren, müssen Sie sichanmeldenoderregistrieren.TeilenTeilenwhatsapp",Öffentlicher Bücherschrank für Kinder-/Jugend-/Erwachsenenliteratur - Braschoß,2024-08-15,0,"0-12, 13-17, 18-24, 25-49, 50-59, 60-74, 75+","Stöbern und Tauschen erwünscht!Den Bücherschrank finden Sie vor der Spielplatz, Braschosser Str., BraschoßDamit alle auch lange Freude an dem Büchertauschschrank haben, gibt es ein paar einfache Regeln:der Bücherschrank steht jedem offenBringen Sie Bücher, die Sie selber ansprechen (inkl. Kinder- und Jugendbücher).Nicht geeignet sind Schulbücher, Zeitschriften, Werbematerial, Kassetten, CDs, DVDs.Verbotensind Bücher mit pornografischem, rassistischem oder gewaltverherrlichendem Inhalt.Der Bücherschrank ist weder Antiquariat noch Entsorgungsstelle.Ob Sie das Buch wieder zurückbringen, im Freundeskreis weitergegeben oder in einen anderen Bücherschrank stellen, bleibt Ihnen überlassen.",Öffentlicher Bücherschrank,3,verifiziert,2
https://mitmachen.siegburg.de/proposals/1052-rikscha-fahrten-in-siegburg,"Rikscha-Fahrten in Siegburg14. August 20240 KommentareZugehöriges Projekt:
            Angebotslandkarte75+Geselliges BeisammenseinAusfahrten mit der Fahrrad Rikscha in die nähere Umgebung sind immer ein besonderes Erlebnis !Wir laden ältere Menschen, die in Siegburg wohnen und in ihrer Mobilität eingeschränkt sind, herzlich zu einer Ausfahrt mit der Fahrrad Rikscha ein.Ob allein oder zu zweit, mit einem freundlichen ehrenamtlichen Rikscha-Fahrer geht es auf eine Tour, die für die Fahrgäste kostenfrei ist. Der Termin ist wetterabhängig, das Ziel wird gemeinsam festgelegt. Vielleicht an der Sieg entlang, in den Nachbarort oder eine kleine Rundfahrt durch die Stadtteile Siegburgs ?Die Rikscha Ausfahrten sind das Kooperationsprojekt des evangelischen Vereins für Altenhilfe e.V.i.L., des evangelischenKirchenkreises An Sieg und Rhein, des Radfahrervereins 1894 Siegburg e.V. und der Aktiven Senioren Siegburg der Johanniter. Die Kooperationspartner verfolgen das gemeinsame Ziel, der Vereinsamung älterer Menschen durch neue Kontakte vorzubeugen, Ihnen Zeit und ein offenes Ohr zu schenken sowie auf Wunsch weitere Unterstützung anzubieten.Sie möchten mit der Rikscha fahren ? Melden Sie sich gerne !Aktive Senioren Siegburg der JohanniterEike HundhausenE-Mail:eike.hundhausen@johanniter.deTel.02241 - 60 931Kommentare(0)Um fortzufahren, müssen Sie sichanmeldenoderregistrieren.EEike HundhausenBeigetreten am: 11.10.2023Konto ist nicht verifiziertVorschläge2Unterstützer*innenUnterstützer*innenUnterstützung4 Unterstützer*innenUm fortzufahren, müssen Sie sichanmeldenoderregistrieren.TeilenTeilenwhatsapp",Rikscha-Fahrten in Siegburg,2024-08-14,0,75+,"Ausfahrten mit der Fahrrad Rikscha in die nähere Umgebung sind immer ein besonderes Erlebnis !Wir laden ältere Menschen, die in Siegburg wohnen und in ihrer Mobilität eingeschränkt sind, herzlich zu einer Ausfahrt mit der Fahrrad Rikscha ein.Ob allein oder zu zweit, mit einem freundlichen ehrenamtlichen Rikscha-Fahrer geht es auf eine Tour, die für die Fahrgäste kostenfrei ist. Der Termin ist wetterabhängig, das Ziel wird gemeinsam festgelegt. Vielleicht an der Sieg entlang, in den Nachbarort oder eine kleine Rundfahrt durch die Stadtteile Siegburgs ?Die Rikscha Ausfahrten sind das Kooperationsprojekt des evangelischen Vereins für Altenhilfe e.V.i.L., des evangelischenKirchenkreises An Sieg und Rhein, des Radfahrervereins 1894 Siegburg e.V. und der Aktiven Senioren Siegburg der Johanniter. Die Kooperationspartner verfolgen das gemeinsame Ziel, der Vereinsamung älterer Menschen durch neue Kontakte vorzubeugen, Ihnen Zeit und ein offenes Ohr zu schenken sowie auf Wunsch weitere Unterstützung anzubieten.Sie möchten mit der Rikscha fahren ? Melden Sie sich gerne !Aktive Senioren Siegburg der JohanniterEike HundhausenE-Mail:eike.hundhausen@johanniter.deTel.02241 - 60 931",Fahrten in,2,ist nicht verifiziert,4
https://mitmachen.siegburg.de/proposals/1051-mach-was-freiwillig-ehrenamt-und-engagement,"Mach was freiwillig!

Ehrenamt und Engagement12. August 20240 KommentareZugehöriges Projekt:
            Angebotslandkarte0-1213-1718-2425-4950-5960-7475+Hilfe & BeratungDie Freiwilligen-Agentur für den Rhein-Sieg-Kreisist ein Fachbereich der Diakonie An Sieg und Rhein und wurde im Jahr 2003 gegründet. Sie wird gefördert vom Rhein-Sieg-Kreis, ist Mitglied der bagfa (Bundesarbeitsgemeinschaft der Freiwilligenagenturen), Kooperationspartner der Aktion Mensch und arbeitet eng mit den Städten und Gemeinden im Rhein-Sieg-Kreis zusammen.Bürger*innen, die sich ehrenamtlich in einer Organisation, einem Verein, einem Verband oder einer Gemeinde einbringen möchten und Organisationen, die mit Ehrenamtlichen arbeiten, finden hier Beratung und Unterstützung.In unserer digitalenEngagementbörsefinden Sie vielfältige Möglichkeiten, sich ehrenamtlich im Rhein-Sieg-Kreis zu engagieren.Beratung und Vermittlung sind kostenlos. Über die Engagementbörse können alle gemeinnützigen Vereine, Verbände und Organisationen kostenlos neue Freiwillige finden.KontaktdatenDas haupt- und ehrenamtliche Team der Freiwilligen-AgenturRingstraße 2, 53721 SiegburgTelefon : 02241 / 2 52 15-20Telefax : 02241 / 2 52 15-30Mail:freiwilligen-agentur@diakonie-sieg-rhein.deInternet:Freiwilligenagentur für den Rhein-Sieg-KreisEngagementbörse:www.diakonie-sieg-rhein.de/engagementboerse/Kommentare(0)Um fortzufahren, müssen Sie sichanmeldenoderregistrieren.Freiwilligen-Agentur für den Rhein-Sieg-KreisBeigetreten am: 12.08.2024Konto ist nicht verifiziertVorschläge1Unterstützer*innenUnterstützer*innenUnterstützung2 Unterstützer*innenUm fortzufahren, müssen Sie sichanmeldenoderregistrieren.TeilenTeilenwhatsapp",Mach was freiwillig!,2024-08-12,0,"0-12, 13-17, 18-24, 25-49, 50-59, 60-74, 75+, 15-20, 15-30","Die Freiwilligen-Agentur für den Rhein-Sieg-Kreisist ein Fachbereich der Diakonie An Sieg und Rhein und wurde im Jahr 2003 gegründet. Sie wird gefördert vom Rhein-Sieg-Kreis, ist Mitglied der bagfa (Bundesarbeitsgemeinschaft der Freiwilligenagenturen), Kooperationspartner der Aktion Mensch und arbeitet eng mit den Städten und Gemeinden im Rhein-Sieg-Kreis zusammen.Bürger*innen, die sich ehrenamtlich in einer Organisation, einem Verein, einem Verband oder einer Gemeinde einbringen möchten und Organisationen, die mit Ehrenamtlichen arbeiten, finden hier Beratung und Unterstützung.In unserer digitalenEngagementbörsefinden Sie vielfältige Möglichkeiten, sich ehrenamtlich im Rhein-Sieg-Kreis zu engagieren.Beratung und Vermittlung sind kostenlos. Über die Engagementbörse können alle gemeinnützigen Vereine, Verbände und Organisationen kostenlos neue Freiwillige finden.KontaktdatenDas haupt- und ehrenamtliche Team der Freiwilligen-AgenturRingstraße 2, 53721 SiegburgTelefon : 02241 / 2 52 15-20Telefax : 02241 / 2 52 15-30Mail:freiwilligen-agentur@diakonie-sieg-rhein.deInternet:Freiwilligenagentur für den Rhein-Sieg-KreisEngagementbörse:www.diakonie-sieg-rhein.de/engagementboerse/",Mach was,1,ist nicht verifiziert,2
https://mitmachen.siegburg.de/proposals/1049-generationen-parcours,"Generationen-Parcours08. August 20240 KommentareZugehöriges Projekt:
            Angebotslandkarte0-1213-1718-2425-4950-5960-7475+BewegungDie Outdoor Fitness Anlage am Michaelsberg unterstützt Jung und Alt mit einer großen Auswahl an Geräten die körperliche Fitness zu erhalten und zu verbessern. Die Geräte können individuell eingestellt werden, hilfreiche Tafeln erklären die korrekte Anwendung.Auf in den Boden gelassenen Matten, können weitere Übungen ausgeführt werden.Für die Nutzung entstehen keine Kosten!Bitte stell vor Benutzung sicher, dass keine medizinischen Gründen gegen die Nutzung der Geräte sprechen.Kommentare(0)Um fortzufahren, müssen Sie sichanmeldenoderregistrieren.AAGBeigetreten am: 15.03.2024Konto verifiziertVorschläge17Kommentare11Unterstützer*innenUnterstützer*innenUnterstützung0 Unterstützer*innenUm fortzufahren, müssen Sie sichanmeldenoderregistrieren.TeilenTeilenwhatsapp",Generationen-Parcours,2024-08-08,0,"0-12, 13-17, 18-24, 25-49, 50-59, 60-74, 75+","Die Outdoor Fitness Anlage am Michaelsberg unterstützt Jung und Alt mit einer großen Auswahl an Geräten die körperliche Fitness zu erhalten und zu verbessern. Die Geräte können individuell eingestellt werden, hilfreiche Tafeln erklären die korrekte Anwendung.Auf in den Boden gelassenen Matten, können weitere Übungen ausgeführt werden.Für die Nutzung entstehen keine Kosten!Bitte stell vor Benutzung sicher, dass keine medizinischen Gründen gegen die Nutzung der Geräte sprechen.",August 20240,17,verifiziert,0
https://mitmachen.siegburg.de/proposals/1041-erlebe-abenteuer-mit-den-annopfadfinder-innen,"Erlebe Abenteuer mit den Annopfadfinder*innen!17. Juli 20240 KommentareZugehöriges Projekt:
            Angebotslandkarte0-1213-1718-24Geselliges BeisammenseinWir sind diePfadfinder*innen vom Stamm St. Anno(DPSG) in Siegburg Brückberg. In vier Altersstufen treffen sich die Pfadfinder und sind kreativ, aktiv und vor allem in Gemeinschaft. Pfadfinden bietet Kindern und Jugendlichen zahlreiche Abenteuer: mit Freund*innen Spaß haben, gemeinsam in der Natur unterwegs sein, Neues entdecken und ausprobieren sowie zusammen in der Gruppe das eigene Umfeld gestalten.Du möchtest uns kennenlernen? Dann schreib uns unterleiterrunde@dpsg-st-anno.deWir treffen uns immer montags zu den Gruppenstunden. In den Schulferien finden keine Treffen statt.Besuch uns auch auf Instagram: anno_pfadfinderWir freuen uns auf dich :)Kommentare(0)Um fortzufahren, müssen Sie sichanmeldenoderregistrieren.NPfadfinder St. AnnoBeigetreten am: 17.07.2024Konto verifiziertVorschläge1Unterstützer*innenUnterstützer*innenUnterstützung1 Unterstützer*inUm fortzufahren, müssen Sie sichanmeldenoderregistrieren.TeilenTeilenwhatsapp",Erlebe Abenteuer mit den Annopfadfinder*innen!,,0,"0-12, 13-17, 18-24","Wir sind diePfadfinder*innen vom Stamm St. Anno(DPSG) in Siegburg Brückberg. In vier Altersstufen treffen sich die Pfadfinder und sind kreativ, aktiv und vor allem in Gemeinschaft. Pfadfinden bietet Kindern und Jugendlichen zahlreiche Abenteuer: mit Freund*innen Spaß haben, gemeinsam in der Natur unterwegs sein, Neues entdecken und ausprobieren sowie zusammen in der Gruppe das eigene Umfeld gestalten.Du möchtest uns kennenlernen? Dann schreib uns unterleiterrunde@dpsg-st-anno.deWir treffen uns immer montags zu den Gruppenstunden. In den Schulferien finden keine Treffen statt.Besuch uns auch auf Instagram: anno_pfadfinderWir freuen uns auf dich :)",Erlebe Abenteuer,1,verifiziert,1
https://mitmachen.siegburg.de/proposals/1038-werkstatt-deutsch-lernen,"Werkstatt Deutsch lernen09. Juli 20240 KommentareZugehöriges Projekt:
            Angebotslandkarte13-1718-2425-4950-5960-7475+BildungDer SKM Rhein-Sieg bietet allen Menschen mit Flucht- und Migrationshintergrund ein kostenlosen Nachhilfe- bzw. Deutschlernangebot. Das Angebot ist nicht für Null-Sprachler geeignet, es istkein Alphabetisierungskurs. Die Werkstatt dient als Ergänzung zu bestehenden Sprach- und Integrationskursen, zur Prüfungsvorbereitung oder als Überbrückungsangebot bis zum nächsten Sprachkurs.Bitte kommen Sie einfach vorbei.MarienheimBambergstraße 39,53721 SiegburgJeden Donnerstag von 17:30-19:30 UhrBei Fragen können Sie sich gerne an Daniela Schmid (02241 177851/daniela.schmid@skm-rhein-sieg.de) oder Katharina Limbach (02241 177853/katharina.limbach@skm-rhein-sieg.de) wenden.Kommentare(0)Um fortzufahren, müssen Sie sichanmeldenoderregistrieren.AAGBeigetreten am: 15.03.2024Konto verifiziertVorschläge17Kommentare11Unterstützer*innenUnterstützer*innenUnterstützung0 Unterstützer*innenUm fortzufahren, müssen Sie sichanmeldenoderregistrieren.TeilenTeilenwhatsapp",Werkstatt Deutsch lernen,,0,"13-17, 18-24, 25-49, 50-59, 60-74, 75+, 30-19","Der SKM Rhein-Sieg bietet allen Menschen mit Flucht- und Migrationshintergrund ein kostenlosen Nachhilfe- bzw. Deutschlernangebot. Das Angebot ist nicht für Null-Sprachler geeignet, es istkein Alphabetisierungskurs. Die Werkstatt dient als Ergänzung zu bestehenden Sprach- und Integrationskursen, zur Prüfungsvorbereitung oder als Überbrückungsangebot bis zum nächsten Sprachkurs.Bitte kommen Sie einfach vorbei.MarienheimBambergstraße 39,53721 SiegburgJeden Donnerstag von 17:30-19:30 UhrBei Fragen können Sie sich gerne an Daniela Schmid (02241 177851/daniela.schmid@skm-rhein-sieg.de) oder Katharina Limbach (02241 177853/katharina.limbach@skm-rhein-sieg.de) wenden.",Werkstatt Deutsch,17,verifiziert,0
https://mitmachen.siegburg.de/proposals/1033-chorgemeinschaft-germania-swingphonie-siegburg,"Chorgemeinschaft Germania Swingphonie Siegburg20. Juni 20240 KommentareZugehöriges Projekt:
            Angebotslandkarte18-2425-4950-5960-7475+MusikDu bist neu in der Stadt, brauchst auf jeden Fall dringend Abwechslung oder fühlst dich einsam? Dann komm vorbei zum Singen! Die Swingphonie ist ein super netter Haufen, bei uns ist stressfreie Zone. Spaß und gute Laune garantiert, einen wirksameren und gesünderen Stimmungsaufheller findest du kaum. Wir freuen uns auf dich!Adresse:Am Viehtrift 53, Hans-Josef Bargon, 53721 Siegburg, DeutschlandAnsprechpartner:Angela Recino, Telefonnummer:+49 2241 384 184,vorsitzender@bewegtkommunikation.deKommentare(0)Um fortzufahren, müssen Sie sichanmeldenoderregistrieren.JJenniferBeigetreten am: 20.06.2024Konto verifiziertVorschläge5Unterstützer*innenUnterstützer*innenUnterstützung1 Unterstützer*inUm fortzufahren, müssen Sie sichanmeldenoderregistrieren.TeilenTeilenwhatsapp",Chorgemeinschaft Germania Swingphonie Siegburg,,0,"18-24, 25-49, 50-59, 60-74, 75+","Du bist neu in der Stadt, brauchst auf jeden Fall dringend Abwechslung oder fühlst dich einsam? Dann komm vorbei zum Singen! Die Swingphonie ist ein super netter Haufen, bei uns ist stressfreie Zone. Spaß und gute Laune garantiert, einen wirksameren und gesünderen Stimmungsaufheller findest du kaum. Wir freuen uns auf dich!Adresse:Am Viehtrift 53, Hans-Josef Bargon, 53721 Siegburg, DeutschlandAnsprechpartner:Angela Recino, Telefonnummer:+49 2241 384 184,vorsitzender@bewegtkommunikation.de",Chorgemeinschaft Germania,5,verifiziert,1
https://mitmachen.siegburg.de/proposals/1032-willkommen-beim-siegburger-madrigalchor,"Willkommen beim Siegburger Madrigalchor20. Juni 20240 KommentareZugehöriges Projekt:
            Angebotslandkarte18-2425-4950-5960-7475+MusikDer Siegburger Madrigalchor ist ein mehrstimmiger gemischter Laienchor, der 1968 gegründet wurde.""Madrigale"" sind mehrstimmige weltliche, auch anspruchsvolle Lieder, die vor allem im 16. und 17. Jahrhundert für den europäischen Chorgesang prägend waren, als Liedform aber nicht auf diesen Zeitraum beschränkt sind. An diesem Grundgedanken richtet sich auch unser Repertoire aus, das weltliche und geistliche Chorsätze aus fünf Jahrhunderten und unterschiedlichsten Genres umfasst. Dass es dem Siegburger Madrigalchor auch um Leistung geht, dokumentiert der mehrfach erworbene Titel ""Meisterchor"" im Sängerbund Nordrhein-Westfalen.Probe: montags, 20.00 Uhr bis 21.30 Uhr in der Erlöserkirche, Jahnstraße 2Ansprechpartner: Günther Heger (02241 14 74 70)Kommentare(0)Um fortzufahren, müssen Sie sichanmeldenoderregistrieren.JJenniferBeigetreten am: 20.06.2024Konto verifiziertVorschläge5Unterstützer*innenUnterstützer*innenUnterstützung1 Unterstützer*inUm fortzufahren, müssen Sie sichanmeldenoderregistrieren.TeilenTeilenwhatsapp",Willkommen beim Siegburger Madrigalchor,,0,"18-24, 25-49, 50-59, 60-74, 75+","Der Siegburger Madrigalchor ist ein mehrstimmiger gemischter Laienchor, der 1968 gegründet wurde.""Madrigale"" sind mehrstimmige weltliche, auch anspruchsvolle Lieder, die vor allem im 16. und 17. Jahrhundert für den europäischen Chorgesang prägend waren, als Liedform aber nicht auf diesen Zeitraum beschränkt sind. An diesem Grundgedanken richtet sich auch unser Repertoire aus, das weltliche und geistliche Chorsätze aus fünf Jahrhunderten und unterschiedlichsten Genres umfasst. Dass es dem Siegburger Madrigalchor auch um Leistung geht, dokumentiert der mehrfach erworbene Titel ""Meisterchor"" im Sängerbund Nordrhein-Westfalen.Probe: montags, 20.00 Uhr bis 21.30 Uhr in der Erlöserkirche, Jahnstraße 2Ansprechpartner: Günther Heger (02241 14 74 70)",Willkommen beim,5,verifiziert,1
https://mitmachen.siegburg.de/proposals/1031-chor-cantiamo-kaldauen,"Chor ""Cantiamo"" Kaldauen20. Juni 20240 KommentareZugehöriges Projekt:
            Angebotslandkarte0-1213-1718-2425-4950-5960-7475+MusikDer Chor ""Cantiamo"" freut sich sehr über neue Mitsängerinnen und Mitsänger. Seien Sie herzlich willkommen!Ansprechpartner ist Herr Bernd Schaboltas (02241-146 82 43).Kommentare(0)Um fortzufahren, müssen Sie sichanmeldenoderregistrieren.JJenniferBeigetreten am: 20.06.2024Konto verifiziertVorschläge5Unterstützer*innenUnterstützer*innenUnterstützung1 Unterstützer*inUm fortzufahren, müssen Sie sichanmeldenoderregistrieren.TeilenTeilenwhatsapp","Chor ""Cantiamo"" Kaldauen",,0,"0-12, 13-17, 18-24, 25-49, 50-59, 60-74, 75+, 41-14","Der Chor ""Cantiamo"" freut sich sehr über neue Mitsängerinnen und Mitsänger. Seien Sie herzlich willkommen!Ansprechpartner ist Herr Bernd Schaboltas (02241-146 82 43).",Juni 20240,5,verifiziert,1
https://mitmachen.siegburg.de/proposals/1030-sommerferien-workshop-self-defense-4-girls,"Sommerferien-Workshop:
Self-defense 4 Girls19. Juni 20240 KommentareZugehöriges Projekt:
            Angebotslandkarte13-17BewegungIn der1. Sommerferien Woche(08.07.24 - 12.07.24) haben wir,Selbstverteidigung - Gewaltprävention André u. Ann-Sophie Hertel,in Kooperation mit demJUZE DeichhausfürMädchenundjunge Frauen im Alter von 12-17einWorkshop-Angebot.Für die Teilnehmerinnen ist das Angebotkostenfrei.Self-defense 4 GirlSelbstverteidigung und Selbstbehauptung für Mädchen und junge FrauenIn ihrem Alltag erleben Mädchen und junge Frauen immer wieder Situationen, in denen es zu Konflikten oder Übergriffen unterschiedlicher Art kommt. Oft wissen Betroffene sich nicht zu helfen oder zu verteidigen und tolerieren die Situation aus unterschiedlichen Gründen über die eigentliche persönliche Grenze hinaus. Häufig wird die Situation zu spät erkannt, so dass sie nicht im Vorfeld vermieden werden konnte.Im Kurs wird individuell mit den Teilnehmerinnen gearbeitet, also mit ihnen besprochen, was für sie wichtig ist.https://dein-kungfu.de/aktuelles/Wo könnt ihr euch anmelden?Die Anmeldung läuft über das JUZE Deichhaus:E-Mail:Patrick.Mendel@kja-bonn.deTel.: 02241-9595515Mobil: 017614002274Wo findet der Workshop statt?JUZE DeichhausFrankfurter Str. 9053721 SiegburgWann findet der Workshop statt?In der 1. Sommerferien Woche (08.07. - 12.07.)von 10:30 - 14:30 UhrWas machen wir mit euch?Selbstverteidigung & Selbstbehauptung für Mädchen und junge Frauen.Ihr lernt, wie ihr euch in Notfallsituationen verteidigen könnt.Für wen ist dieser Workshop?Für Mädchen und junge Frauen zwischen 12 - 17 Jahren.Was braucht ihr, um mitzumachen?Bequeme Kleidung (z.B. Sportkleidung) und etwas zum Trinken.Dein-KungFu.deKommentare(0)Um fortzufahren, müssen Sie sichanmeldenoderregistrieren.ADein-KungFuBeigetreten am: 19.06.2024Konto verifiziertVorschläge2Unterstützer*innenUnterstützer*innenUnterstützung1 Unterstützer*inUm fortzufahren, müssen Sie sichanmeldenoderregistrieren.TeilenTeilenwhatsapp",Sommerferien-Workshop:,,0,"13-17, 12-17, 41-95","In der1. Sommerferien Woche(08.07.24 - 12.07.24) haben wir,Selbstverteidigung - Gewaltprävention André u. Ann-Sophie Hertel,in Kooperation mit demJUZE DeichhausfürMädchenundjunge Frauen im Alter von 12-17einWorkshop-Angebot.Für die Teilnehmerinnen ist das Angebotkostenfrei.Self-defense 4 GirlSelbstverteidigung und Selbstbehauptung für Mädchen und junge FrauenIn ihrem Alltag erleben Mädchen und junge Frauen immer wieder Situationen, in denen es zu Konflikten oder Übergriffen unterschiedlicher Art kommt. Oft wissen Betroffene sich nicht zu helfen oder zu verteidigen und tolerieren die Situation aus unterschiedlichen Gründen über die eigentliche persönliche Grenze hinaus. Häufig wird die Situation zu spät erkannt, so dass sie nicht im Vorfeld vermieden werden konnte.Im Kurs wird individuell mit den Teilnehmerinnen gearbeitet, also mit ihnen besprochen, was für sie wichtig ist.https://dein-kungfu.de/aktuelles/Wo könnt ihr euch anmelden?Die Anmeldung läuft über das JUZE Deichhaus:E-Mail:Patrick.Mendel@kja-bonn.deTel.: 02241-9595515Mobil: 017614002274Wo findet der Workshop statt?JUZE DeichhausFrankfurter Str. 9053721 SiegburgWann findet der Workshop statt?In der 1. Sommerferien Woche (08.07. - 12.07.)von 10:30 - 14:30 UhrWas machen wir mit euch?Selbstverteidigung & Selbstbehauptung für Mädchen und junge Frauen.Ihr lernt, wie ihr euch in Notfallsituationen verteidigen könnt.Für wen ist dieser Workshop?Für Mädchen und junge Frauen zwischen 12 - 17 Jahren.Was braucht ihr, um mitzumachen?Bequeme Kleidung (z.B. Sportkleidung) und etwas zum Trinken.Dein-KungFu.de",defense 4,2,verifiziert,1
https://mitmachen.siegburg.de/proposals/1029-selbstverteidigung-gewaltpravention-teambuilding-und-betriebssport,"Selbstverteidigung, Gewaltprävention, Teambuilding und Betriebssport19. Juni 20240 KommentareZugehöriges Projekt:
            Angebotslandkarte0-1213-1718-2425-4950-5960-7475+BewegungSelbstverteidigung - GewaltpräventionAndré u. Ann-Sophie HertelWas:AG - Workshops - Kurse - Projekte - Kleingruppen - EinzelunterrichtFür:Schulen, Kitas, Kinder- und Jugendeinrichtungen, Rettungskräfte, usw.Wo:Wir kommen zu euch - ihr braucht nur passende RäumlichkeitenWann:Nach AbspracheWebsite:Dein-KungFu.deKommentare(0)Um fortzufahren, müssen Sie sichanmeldenoderregistrieren.ADein-KungFuBeigetreten am: 19.06.2024Konto verifiziertVorschläge2Unterstützer*innenUnterstützer*innenUnterstützung1 Unterstützer*inUm fortzufahren, müssen Sie sichanmeldenoderregistrieren.DokumenteFlyer.pdfTeilenTeilenwhatsapp","Selbstverteidigung, Gewaltprävention, Teambuilding und Betriebssport",,0,"0-12, 13-17, 18-24, 25-49, 50-59, 60-74, 75+","Selbstverteidigung - GewaltpräventionAndré u. Ann-Sophie HertelWas:AG - Workshops - Kurse - Projekte - Kleingruppen - EinzelunterrichtFür:Schulen, Kitas, Kinder- und Jugendeinrichtungen, Rettungskräfte, usw.Wo:Wir kommen zu euch - ihr braucht nur passende RäumlichkeitenWann:Nach AbspracheWebsite:Dein-KungFu.de",Teambuilding und,2,verifiziert,1
https://mitmachen.siegburg.de/proposals/1027-verfahrenslotsin-fur-eingliederungshilfe-inklusive-jugendhilfe,"Verfahrenslotsin für Eingliederungshilfe / Inklusive Jugendhilfe17. Juni 20240 KommentareZugehöriges Projekt:
            Angebotslandkarte0-1213-1718-2425-49Hilfe & BeratungUnabhängige, vertrauliche und kostenfreie Beratung, Begleitung und Unterstützung von jungen Menschen aus Siegburg (0 bis 27 Jahre) mit (drohender) Behinderung und deren Familien / Unterstützer:innen.Die Beratung erfolgt gem. § 10 b SGB VIII zum Thema Eingliederungshilfeleistungen (SGB VIII und SGB IX) in allen Lebensbereichen.Telefon:+49 2241 102-1826Mail:stefanie.lachmund@siegburg.deKommentare(0)Um fortzufahren, müssen Sie sichanmeldenoderregistrieren.Sstefanie.lachmundBeigetreten am: 17.06.2024Konto ist nicht verifiziertVorschläge1Unterstützer*innenUnterstützer*innenUnterstützung1 Unterstützer*inUm fortzufahren, müssen Sie sichanmeldenoderregistrieren.DokumenteFlyer__Verfahrenslotse_Siegburg.pdfTeilenTeilenwhatsapp",Verfahrenslotsin für Eingliederungshilfe / Inklusive Jugendhilfe,,0,"0-12, 13-17, 18-24, 25-49, 02-18","Unabhängige, vertrauliche und kostenfreie Beratung, Begleitung und Unterstützung von jungen Menschen aus Siegburg (0 bis 27 Jahre) mit (drohender) Behinderung und deren Familien / Unterstützer:innen.Die Beratung erfolgt gem. § 10 b SGB VIII zum Thema Eingliederungshilfeleistungen (SGB VIII und SGB IX) in allen Lebensbereichen.Telefon:+49 2241 102-1826Mail:stefanie.lachmund@siegburg.de",Verfahrenslotsin für,1,ist nicht verifiziert,1
https://mitmachen.siegburg.de/proposals/1022-bibelgesprachskreis,"Bibelgesprächskreis17. Juni 20240 KommentareZugehöriges Projekt:
            Angebotslandkarte18-2425-4950-5960-7475+GlaubeGemeinsame Gespräche über Gott und die Welt.Bei Interesse und näheren Informationen wenden Sie sich an Frau Cron-Böngeler unter 02241 381327Kommentare(0)Um fortzufahren, müssen Sie sichanmeldenoderregistrieren.DDaReBeigetreten am: 19.03.2024Konto ist nicht verifiziertVorschläge8Unterstützer*innenUnterstützer*innenUnterstützung1 Unterstützer*inUm fortzufahren, müssen Sie sichanmeldenoderregistrieren.TeilenTeilenwhatsapp",Bibelgesprächskreis,,0,"18-24, 25-49, 50-59, 60-74, 75+",Gemeinsame Gespräche über Gott und die Welt.Bei Interesse und näheren Informationen wenden Sie sich an Frau Cron-Böngeler unter 02241 381327,Juni 20240,8,ist nicht verifiziert,1
https://mitmachen.siegburg.de/proposals/1021-gemeindefruhstuck,"Gemeindefrühstück17. Juni 20240 KommentareZugehöriges Projekt:
            Angebotslandkarte18-2425-4950-5960-7475+KulinarischesAm letzten Donnerstag im Monat wird um 9 Uhr im gemütlichen Rahmen gemeinsam gefrühstückt. Anmeldung bitte bis Dienstagmorgen unter 02241 381327 oder 02241 917592.Bei Bedarf holen wir Sie auf Anfrage auch zu Hause ab.Kommentare(0)Um fortzufahren, müssen Sie sichanmeldenoderregistrieren.DDaReBeigetreten am: 19.03.2024Konto ist nicht verifiziertVorschläge8Unterstützer*innenUnterstützer*innenUnterstützung1 Unterstützer*inUm fortzufahren, müssen Sie sichanmeldenoderregistrieren.TeilenTeilenwhatsapp",Gemeindefrühstück,,0,"18-24, 25-49, 50-59, 60-74, 75+",Am letzten Donnerstag im Monat wird um 9 Uhr im gemütlichen Rahmen gemeinsam gefrühstückt. Anmeldung bitte bis Dienstagmorgen unter 02241 381327 oder 02241 917592.Bei Bedarf holen wir Sie auf Anfrage auch zu Hause ab.,Juni 20240,8,ist nicht verifiziert,1
https://mitmachen.siegburg.de/proposals/1020-einfach-hygge-lig,"Einfach hygge-lig17. Juni 20240 KommentareZugehöriges Projekt:
            Angebotslandkarte18-2425-4950-5960-7475+Geselliges BeisammenseinDie Evangelische Kirche Siegburg-Kaldauen bietet monatlich Events für Erwachsene mit wechselnden Angeboten.Am 06. September um 19 Uhr wird aus dem Nähkästchen geplaudert. Es wird ein Abend voller (Lebens-)Geschichten. Wer etwas aus seinem Leben erzählen möchte, wendet sich bitte vorher an Beate Gehrmann unterbeate.gehrmann@ekir.de. Zum zuhören und miterleben sind Sie herzlich willkommen!Am 06. Oktober wird um 10 Uhr zum Frühstücks-Gottesdienst eingeladen. Wir frühstücken gemeinsam während des Gottesdienstes.Am 08. November wird ein gemeinsamer Leseabend stattfinden. Freuen Sie sich auf gemütliche Stunden mit abwechselungsreicher Literatur.Friedensstraße 13, 53721 Siegburg-KaldauenKommentare(0)Um fortzufahren, müssen Sie sichanmeldenoderregistrieren.DDaReBeigetreten am: 19.03.2024Konto ist nicht verifiziertVorschläge8Unterstützer*innenUnterstützer*innenUnterstützung1 Unterstützer*inUm fortzufahren, müssen Sie sichanmeldenoderregistrieren.TeilenTeilenwhatsapp",Einfach hygge-lig,,0,"18-24, 25-49, 50-59, 60-74, 75+","Die Evangelische Kirche Siegburg-Kaldauen bietet monatlich Events für Erwachsene mit wechselnden Angeboten.Am 06. September um 19 Uhr wird aus dem Nähkästchen geplaudert. Es wird ein Abend voller (Lebens-)Geschichten. Wer etwas aus seinem Leben erzählen möchte, wendet sich bitte vorher an Beate Gehrmann unterbeate.gehrmann@ekir.de. Zum zuhören und miterleben sind Sie herzlich willkommen!Am 06. Oktober wird um 10 Uhr zum Frühstücks-Gottesdienst eingeladen. Wir frühstücken gemeinsam während des Gottesdienstes.Am 08. November wird ein gemeinsamer Leseabend stattfinden. Freuen Sie sich auf gemütliche Stunden mit abwechselungsreicher Literatur.Friedensstraße 13, 53721 Siegburg-Kaldauen",Einfach hygge,8,ist nicht verifiziert,1
https://mitmachen.siegburg.de/proposals/1019-cafe-65plus,"Café 65plus17. Juni 20240 KommentareZugehöriges Projekt:
            Angebotslandkarte60-7475+Geselliges BeisammenseinDie Evangelische Kirchengemeinde Siegburg lädt ein zu Gesprächen in Gemeinschaft über Gott und die Welt bei Kaffee und Kuchen.Jeden 2. und 4. Mitttwoch im Monat von 15.00 bis 16.30 Uhr im Evangelischen Gemeindezentrum an der Annostraße 14, Siegburg (in den Ferien finden keine Treffen statt)!Nur mit Anmeldung unter 02241 - 9698825 oder 02241 96988-0Kommentare(0)Um fortzufahren, müssen Sie sichanmeldenoderregistrieren.AAGBeigetreten am: 15.03.2024Konto verifiziertVorschläge17Kommentare11Unterstützer*innenUnterstützer*innenUnterstützung0 Unterstützer*innenUm fortzufahren, müssen Sie sichanmeldenoderregistrieren.TeilenTeilenwhatsapp",Café 65plus,,0,"60-74, 75+, 88-0","Die Evangelische Kirchengemeinde Siegburg lädt ein zu Gesprächen in Gemeinschaft über Gott und die Welt bei Kaffee und Kuchen.Jeden 2. und 4. Mitttwoch im Monat von 15.00 bis 16.30 Uhr im Evangelischen Gemeindezentrum an der Annostraße 14, Siegburg (in den Ferien finden keine Treffen statt)!Nur mit Anmeldung unter 02241 - 9698825 oder 02241 96988-0",Café 65plus17,17,verifiziert,0
https://mitmachen.siegburg.de/proposals/1018-bistro-pauline-fur-sie-geoffnet,"Bistro Pauline - für Sie geöffnet!16. Juni 20240 KommentareZugehöriges Projekt:
            Angebotslandkarte0-1213-1718-2425-4950-5960-7475+Geselliges BeisammenseinFrisch auf den Tisch:Montags bis freitags zwischen 12 und 14 Uhrserviert Ihnen unser Küchenteam ein warmes Mittagessen zum Preis von 4,80 € (Kinderportion 2,80 €).Dienstagskönnen Sie in unserem Bistroauch Kaffeespezialitäten und Kuchengenießen. Am Dienstag haben wir von 12 Uhrbis durchgehend um 17 Uhrfür Sie geöffnet.Kommen Sie zum Essen zu uns, begegnen Sie neuen Menschen – und fühlen Sie sich als Teil unserer großen Pauline-Familie!Wir freuen uns auf Sie!Wenn Sie mögen, können Sie Ihr Essenauch mit nach Hause nehmen.Gerne können Sie Ihre eigenen Behältnisse mitbringen, um das Essen zu transportieren.Bistro Pauline im Kinderheim Pauline von MallinckrodtJakobstraße 16, 53721 SiegburgTel.: (02241) 5496-0, Fax: (02241) 5496-35info@kinderheim-pauline.dehttps://www.kinderheim-pauline.deKommentare(0)Um fortzufahren, müssen Sie sichanmeldenoderregistrieren.SSonja BoddenbergBeigetreten am: 28.05.2024Konto ist nicht verifiziertVorschläge2Unterstützer*innenUnterstützer*innenUnterstützung2 Unterstützer*innenUm fortzufahren, müssen Sie sichanmeldenoderregistrieren.DokumenteFlyer_Image Einzelseiten_230209.pdfTeilenTeilenwhatsapp",Bistro Pauline - für Sie geöffnet!,,0,"0-12, 13-17, 18-24, 25-49, 50-59, 60-74, 75+, 96-0, 96-35","Frisch auf den Tisch:Montags bis freitags zwischen 12 und 14 Uhrserviert Ihnen unser Küchenteam ein warmes Mittagessen zum Preis von 4,80 € (Kinderportion 2,80 €).Dienstagskönnen Sie in unserem Bistroauch Kaffeespezialitäten und Kuchengenießen. Am Dienstag haben wir von 12 Uhrbis durchgehend um 17 Uhrfür Sie geöffnet.Kommen Sie zum Essen zu uns, begegnen Sie neuen Menschen – und fühlen Sie sich als Teil unserer großen Pauline-Familie!Wir freuen uns auf Sie!Wenn Sie mögen, können Sie Ihr Essenauch mit nach Hause nehmen.Gerne können Sie Ihre eigenen Behältnisse mitbringen, um das Essen zu transportieren.Bistro Pauline im Kinderheim Pauline von MallinckrodtJakobstraße 16, 53721 SiegburgTel.: (02241) 5496-0, Fax: (02241) 5496-35info@kinderheim-pauline.dehttps://www.kinderheim-pauline.de",Bistro Pauline,2,ist nicht verifiziert,2
https://mitmachen.siegburg.de/proposals/1017-kinderheim-pauline-von-mallinckrodt,"Kinderheim Pauline von Mallinckrodt16. Juni 20240 KommentareZugehöriges Projekt:
            Angebotslandkarte0-1213-1718-24Hilfe & BeratungSeit 1903 unterstützt das Kinderheim Pauline von Mallinckrodt (Mitglied des Deutschen Caritasverbandes) in Not und Krisen geratene junge Menschen und ihre Familien. Als anerkannter gemeinnütziger freier Träger der Jugendhilfe betreuen wir ca.140Kinder, Jugendliche, junge Volljährige und Mütterin 18 unterschiedlichen Gruppen – auf unserem Stammgelände in Siegburg-Wolsdorf und in 6 Außenwohngruppen, die jeweils wenige Autominuten entfernt liegen.Unser Ziel: Jungen Menschen bei der Aufarbeitung ihrer Entwicklungsrückstände im emotionalen, sozialen und kognitiven Bereichmit sozialpädagogischen und therapeutischen Angeboten zu helfen. Zukünftig wollen wirinklusivarbeiten und auch behinderten Kindern und Jugendlichen ein Zuhause bieten.Kinderheim Pauline von MallinckrodtJakobstraße 16, 53721 SiegburgTel.: (02241) 5496-0, Fax: (02241) 5496-35info@kinderheim-pauline.dehttps://www.kinderheim-pauline.deKommentare(0)Um fortzufahren, müssen Sie sichanmeldenoderregistrieren.SSonja BoddenbergBeigetreten am: 28.05.2024Konto ist nicht verifiziertVorschläge2Unterstützer*innenUnterstützer*innenUnterstützung1 Unterstützer*inUm fortzufahren, müssen Sie sichanmeldenoderregistrieren.DokumenteFlyer_Image Einzelseiten_230209.pdfFlyer_FSJ-ler_24012025.pdfTeilenTeilenwhatsapp",Kinderheim Pauline von Mallinckrodt,,0,"0-12, 13-17, 18-24, 96-0, 96-35","Seit 1903 unterstützt das Kinderheim Pauline von Mallinckrodt (Mitglied des Deutschen Caritasverbandes) in Not und Krisen geratene junge Menschen und ihre Familien. Als anerkannter gemeinnütziger freier Träger der Jugendhilfe betreuen wir ca.140Kinder, Jugendliche, junge Volljährige und Mütterin 18 unterschiedlichen Gruppen – auf unserem Stammgelände in Siegburg-Wolsdorf und in 6 Außenwohngruppen, die jeweils wenige Autominuten entfernt liegen.Unser Ziel: Jungen Menschen bei der Aufarbeitung ihrer Entwicklungsrückstände im emotionalen, sozialen und kognitiven Bereichmit sozialpädagogischen und therapeutischen Angeboten zu helfen. Zukünftig wollen wirinklusivarbeiten und auch behinderten Kindern und Jugendlichen ein Zuhause bieten.Kinderheim Pauline von MallinckrodtJakobstraße 16, 53721 SiegburgTel.: (02241) 5496-0, Fax: (02241) 5496-35info@kinderheim-pauline.dehttps://www.kinderheim-pauline.de",Kinderheim Pauline,2,ist nicht verifiziert,1
https://mitmachen.siegburg.de/proposals/1015-pfadfinder-innen-gruppenstunde-und-aktionen,"Pfadfinder*innen Gruppenstunde und Aktionen13. Juni 20240 KommentareZugehöriges Projekt:
            Angebotslandkarte0-1213-1718-24Geselliges BeisammenseinWir sind die Pfadfinder*innen auf dem Deichhaus. In vier Altersstufen machen die Mädchen Aktivitäten, sind kreativ und haben Spaß.Wir sind immer offen für neue Gesichter und freuen uns, wenn auch deine Tochte, Enkelin, Freundin oder Nachbarin bei uns vorbeikommt.Neben monatlichen Gruppenstunden fahren wir auf gemeinsame Wochenenden, Lager und machen Tagesaktionen.Bei Interesse kannst du dich immer beim Stammesvorstand melden.Siegburg@pfadfinderinnen-koeln.deoder unter 015777034434.Kommentare(0)Um fortzufahren, müssen Sie sichanmeldenoderregistrieren.EEmiliaMitchyBeigetreten am: 14.11.2022Konto verifiziertVorschläge2Unterstützer*innenUnterstützer*innenUnterstützung3 Unterstützer*innenUm fortzufahren, müssen Sie sichanmeldenoderregistrieren.TeilenTeilenwhatsapp",Pfadfinder*innen Gruppenstunde und Aktionen,,0,"0-12, 13-17, 18-24","Wir sind die Pfadfinder*innen auf dem Deichhaus. In vier Altersstufen machen die Mädchen Aktivitäten, sind kreativ und haben Spaß.Wir sind immer offen für neue Gesichter und freuen uns, wenn auch deine Tochte, Enkelin, Freundin oder Nachbarin bei uns vorbeikommt.Neben monatlichen Gruppenstunden fahren wir auf gemeinsame Wochenenden, Lager und machen Tagesaktionen.Bei Interesse kannst du dich immer beim Stammesvorstand melden.Siegburg@pfadfinderinnen-koeln.deoder unter 015777034434.",innen Gruppenstunde,2,verifiziert,3
